<?xml version="1.0" encoding="UTF-8"?>
<GenRun Id="impl_1" LaunchPart="xc7a35tcpg236-1" LaunchTime="1542924942">
  <File Type="PWROPT-DCP" Name="fourBitAdderTop_pwropt.dcp"/>
  <File Type="ROUTE-PWR" Name="fourBitAdderTop_power_routed.rpt"/>
  <File Type="PA-TCL" Name="fourBitAdderTop.tcl"/>
  <File Type="ROUTE-PWR-SUM" Name="fourBitAdderTop_power_summary_routed.pb"/>
  <File Type="REPORTS-TCL" Name="fourBitAdderTop_reports.tcl"/>
  <File Type="BG-DRC" Name="fourBitAdderTop.drc"/>
  <File Type="OPT-METHODOLOGY-DRC" Name="fourBitAdderTop_methodology_drc_opted.rpt"/>
  <File Type="INIT-TIMING" Name="fourBitAdderTop_timing_summary_init.rpt"/>
  <File Type="OPT-HWDEF" Name="fourBitAdderTop.hwdef"/>
  <File Type="OPT-DCP" Name="fourBitAdderTop_opt.dcp"/>
  <File Type="OPT-DRC" Name="fourBitAdderTop_drc_opted.rpt"/>
  <File Type="OPT-TIMING" Name="fourBitAdderTop_timing_summary_opted.rpt"/>
  <File Type="PWROPT-DRC" Name="fourBitAdderTop_drc_pwropted.rpt"/>
  <File Type="PWROPT-TIMING" Name="fourBitAdderTop_timing_summary_pwropted.rpt"/>
  <File Type="PLACE-DCP" Name="fourBitAdderTop_placed.dcp"/>
  <File Type="PLACE-IO" Name="fourBitAdderTop_io_placed.rpt"/>
  <File Type="PLACE-CLK" Name="fourBitAdderTop_clock_utilization_placed.rpt"/>
  <File Type="PLACE-UTIL" Name="fourBitAdderTop_utilization_placed.rpt"/>
  <File Type="PLACE-UTIL-PB" Name="fourBitAdderTop_utilization_placed.pb"/>
  <File Type="PLACE-CTRL" Name="fourBitAdderTop_control_sets_placed.rpt"/>
  <File Type="PLACE-SIMILARITY" Name="fourBitAdderTop_incremental_reuse_placed.rpt"/>
  <File Type="PLACE-PRE-SIMILARITY" Name="fourBitAdderTop_incremental_reuse_pre_placed.rpt"/>
  <File Type="PLACE-TIMING" Name="fourBitAdderTop_timing_summary_placed.rpt"/>
  <File Type="POSTPLACE-PWROPT-DCP" Name="fourBitAdderTop_postplace_pwropt.dcp"/>
  <File Type="POSTPLACE-PWROPT-TIMING" Name="fourBitAdderTop_timing_summary_postplace_pwropted.rpt"/>
  <File Type="PHYSOPT-DCP" Name="fourBitAdderTop_physopt.dcp"/>
  <File Type="PHYSOPT-DRC" Name="fourBitAdderTop_drc_physopted.rpt"/>
  <File Type="BG-BIT" Name="fourBitAdderTop.bit"/>
  <File Type="PHYSOPT-TIMING" Name="fourBitAdderTop_timing_summary_physopted.rpt"/>
  <File Type="ROUTE-ERROR-DCP" Name="fourBitAdderTop_routed_error.dcp"/>
  <File Type="ROUTE-DCP" Name="fourBitAdderTop_routed.dcp"/>
  <File Type="ROUTE-BLACKBOX-DCP" Name="fourBitAdderTop_routed_bb.dcp"/>
  <File Type="ROUTE-DRC" Name="fourBitAdderTop_drc_routed.rpt"/>
  <File Type="ROUTE-DRC-PB" Name="fourBitAdderTop_drc_routed.pb"/>
  <File Type="BITSTR-MSK" Name="fourBitAdderTop.msk"/>
  <File Type="ROUTE-DRC-RPX" Name="fourBitAdderTop_drc_routed.rpx"/>
  <File Type="BG-BGN" Name="fourBitAdderTop.bgn"/>
  <File Type="ROUTE-METHODOLOGY-DRC" Name="fourBitAdderTop_methodology_drc_routed.rpt"/>
  <File Type="BITSTR-RBT" Name="fourBitAdderTop.rbt"/>
  <File Type="ROUTE-METHODOLOGY-DRC-RPX" Name="fourBitAdderTop_methodology_drc_routed.rpx"/>
  <File Type="BG-BIN" Name="fourBitAdderTop.bin"/>
  <File Type="ROUTE-METHODOLOGY-DRC-PB" Name="fourBitAdderTop_methodology_drc_routed.pb"/>
  <File Type="ROUTE-PWR-RPX" Name="fourBitAdderTop_power_routed.rpx"/>
  <File Type="ROUTE-STATUS" Name="fourBitAdderTop_route_status.rpt"/>
  <File Type="ROUTE-STATUS-PB" Name="fourBitAdderTop_route_status.pb"/>
  <File Type="ROUTE-TIMINGSUMMARY" Name="fourBitAdderTop_timing_summary_routed.rpt"/>
  <File Type="ROUTE-TIMING-PB" Name="fourBitAdderTop_timing_summary_routed.pb"/>
  <File Type="ROUTE-TIMING-RPX" Name="fourBitAdderTop_timing_summary_routed.rpx"/>
  <File Type="ROUTE-SIMILARITY" Name="fourBitAdderTop_incremental_reuse_routed.rpt"/>
  <File Type="RDI-RDI" Name="fourBitAdderTop.vdi"/>
  <File Type="ROUTE-CLK" Name="fourBitAdderTop_clock_utilization_routed.rpt"/>
  <File Type="POSTROUTE-PHYSOPT-DCP" Name="fourBitAdderTop_postroute_physopt.dcp"/>
  <File Type="POSTROUTE-PHYSOPT-BLACKBOX-DCP" Name="fourBitAdderTop_postroute_physopt_bb.dcp"/>
  <File Type="POSTROUTE-PHYSOPT-TIMING" Name="fourBitAdderTop_timing_summary_postroute_physopted.rpt"/>
  <File Type="POSTROUTE-PHYSOPT-TIMING-PB" Name="fourBitAdderTop_timing_summary_postroute_physopted.pb"/>
  <File Type="POSTROUTE-PHYSOPT-TIMING-RPX" Name="fourBitAdderTop_timing_summary_postroute_physopted.rpx"/>
  <File Type="BITSTR-NKY" Name="fourBitAdderTop.nky"/>
  <File Type="BITSTR-BMM" Name="fourBitAdderTop_bd.bmm"/>
  <File Type="BITSTR-MMI" Name="fourBitAdderTop.mmi"/>
  <File Type="BITSTR-LTX" Name="debug_nets.ltx"/>
  <File Type="BITSTR-LTX" Name="fourBitAdderTop.ltx"/>
  <File Type="BITSTR-SYSDEF" Name="fourBitAdderTop.sysdef"/>
  <File Type="WBT-USG" Name="usage_statistics_webtalk.html"/>
  <FileSet Name="sources" Type="DesignSrcs" RelSrcDir="$PSRCDIR/sources_1">
    <Filter Type="Srcs"/>
    <File Path="$PSRCDIR/sources_1/imports/new/fullAdder.vhd">
      <FileInfo>
        <Attr Name="ImportPath" Val="$PPRDIR/../fullAdder/fullAdder.srcs/sources_1/new/fullAdder.vhd"/>
        <Attr Name="ImportTime" Val="1541716949"/>
        <Attr Name="UsedIn" Val="synthesis"/>
        <Attr Name="UsedIn" Val="simulation"/>
      </FileInfo>
    </File>
    <File Path="$PSRCDIR/sources_1/imports/new/fourBitFullAdder.vhd">
      <FileInfo>
        <Attr Name="ImportPath" Val="$PPRDIR/../fullAdder/fullAdder.srcs/sources_1/new/fourBitFullAdder.vhd"/>
        <Attr Name="ImportTime" Val="1541751465"/>
        <Attr Name="UsedIn" Val="synthesis"/>
        <Attr Name="UsedIn" Val="simulation"/>
      </FileInfo>
    </File>
    <File Path="$PSRCDIR/sources_1/new/binToBCD.vhd">
      <FileInfo>
        <Attr Name="UsedIn" Val="synthesis"/>
        <Attr Name="UsedIn" Val="simulation"/>
      </FileInfo>
    </File>
    <File Path="$PSRCDIR/sources_1/new/fourBitAdderTop.vhd">
      <FileInfo>
        <Attr Name="UsedIn" Val="synthesis"/>
        <Attr Name="UsedIn" Val="simulation"/>
      </FileInfo>
    </File>
    <File Path="$PSRCDIR/sources_1/new/bcdToSeg.vhd">
      <FileInfo>
        <Attr Name="UsedIn" Val="synthesis"/>
        <Attr Name="UsedIn" Val="simulation"/>
      </FileInfo>
    </File>
    <File Path="$PSRCDIR/sources_1/new/segmentMux.vhd">
      <FileInfo>
        <Attr Name="UsedIn" Val="synthesis"/>
        <Attr Name="UsedIn" Val="simulation"/>
      </FileInfo>
    </File>
    <File Path="$PSRCDIR/sources_1/new/clock_divider.vhd">
      <FileInfo>
        <Attr Name="UsedIn" Val="synthesis"/>
        <Attr Name="UsedIn" Val="simulation"/>
      </FileInfo>
    </File>
    <Config>
      <Option Name="DesignMode" Val="RTL"/>
      <Option Name="TopModule" Val="fourBitAdderTop"/>
    </Config>
  </FileSet>
  <FileSet Name="constrs_in" Type="Constrs" RelSrcDir="$PSRCDIR/constrs_1">
    <Filter Type="Constrs"/>
    <File Path="$PSRCDIR/constrs_1/new/basys3.xdc">
      <FileInfo>
        <Attr Name="UsedIn" Val="synthesis"/>
        <Attr Name="UsedIn" Val="implementation"/>
      </FileInfo>
    </File>
    <Config>
      <Option Name="TargetConstrsFile" Val="$PSRCDIR/constrs_1/new/basys3.xdc"/>
      <Option Name="ConstrsType" Val="XDC"/>
    </Config>
  </FileSet>
  <Strategy Version="1" Minor="2">
    <StratHandle Name="Vivado Implementation Defaults" Flow="Vivado Implementation 2017"/>
    <Step Id="init_design"/>
    <Step Id="opt_design"/>
    <Step Id="power_opt_design"/>
    <Step Id="place_design"/>
    <Step Id="post_place_power_opt_design"/>
    <Step Id="phys_opt_design"/>
    <Step Id="route_design"/>
    <Step Id="post_route_phys_opt_design"/>
    <Step Id="write_bitstream"/>
  </Strategy>
</GenRun>
